Algorithms,BackEnd,Bayesian,BigDistributedData,Business,ClassicalStatistics,DataManipulation,FrontEnd,GraphicalModels,MachineLearning,Math,Optimization,ProductDev,Science,Simulation,SpatialStatistics,StructuredData,SurveysMarketing,SystemsAdministration,Temporal\Statistics,UnstructuredData,Visualization
5.0763126693,5.0846344088,3.0265382782,5.0090368189,2.0148663274,3.0492002469,2.0522961475,5.0154640188,4.0006298622,4.0065622163,5.0927491081,4.0914034919,2.0404562601,4.06207203,3.0498580988,3.0835169725,5.0786522011,1.0086354377,4.0212123538,2.0052231189,4.0110522188,4.0365938998
1.0491392279,2.0591265553,1.0605484221,1.0993530512,3.0981373323,2.0803184236,3.0395796845,1.0002873048,1.0746012521,1.0122620362,3.0350521401,2.0832685726,1.0530617898,1.0201296409,1.0890332001,2.0318470287,1.0053430875,3.0586709993,1.0281252577,1.081785358,1.0821574946,1.0961335096
4.0835712308,4.0927313159,2.0030803532,3.0166231932,2.0266026142,3.0987069031,4.0545045604,2.0373019739,4.0386030148,3.0491793861,3.0200852504,3.0549505689,4.0124336708,3.0377516977,1.0593617375,5.0270102617,1.0313264052,1.0334113866,3.0824869232,3.0405903858,4.0561425583,2.0214901849
2.0374335337,3.0212820879,2.0320954244,2.0047648935,4.0956536227,2.0656150289,3.053125656,4.0233267744,3.0577299417,2.036407329,2.0475242305,2.0664712418,4.0696609965,1.0711267914,1.00447491,1.0549447061,4.0819677753,3.0181436361,2.0257058625,3.0551855939,3.0606813571,4.0013754501
4.0389513328,2.0626579348,4.0111235251,3.0675408997,2.0480983127,3.0783926637,4.0765104041,3.042446482,2.0681049064,4.0524132431,3.0025463093,2.0389825842,2.0104817142,4.0676750834,3.0850663965,1.0795199679,3.0247929333,2.0149947899,1.0131016814,1.0261118121,2.0651896454,2.0551722629
1.0809898118,1.0359949264,1.058269006,1.0550353327,5.0205214149,1.0371826658,1.0962993471,1.0251958127,1.0453436643,1.0914516633,1.0449943275,1.0410765444,1.0214856867,1.0138601422,1.0209733343,1.0052759074,1.0658755886,1.0491101574,1.0003270105,1.0180969429,1.0855139032,1.0547634395
2.0017532331,1.0995682207,2.0157768496,2.0694316405,1.060559146,3.0949957681,4.0157243298,1.0694034787,1.0792267619,2.0128699732,5.0160686965,4.0402679621,1.0552436456,5.0238352242,4.0238383295,2.0781235656,2.0478295801,2.0014266736,2.0917360345,3.0561962922,1.0132975262,3.0795272557
5.0788832168,2.0042573408,3.0307740269,2.0569028544,4.0282225701,4.0802277685,4.0755155588,2.0426962083,3.0116895526,5.0316705892,4.0711885022,5.0165197207,3.0887750663,5.0949458722,4.0363261462,2.0160896185,2.0457193316,2.0863998939,2.0762330356,5.0335518405,4.0585937148,2.0811342015
1.0397183001,1.0558043012,1.014649475,2.0959301087,3.0100609037,2.05477848,1.058663462,1.0731846359,2.0168104189,2.0109591357,2.0030400807,2.0913694558,2.060664578,1.0358348221,1.0979121965,1.0566477265,2.0964711195,2.0524389589,1.0713928739,2.07506002,1.0721354422,2.0491934783
5.0279025741,4.0544700893,5.0377967898,3.0391871866,4.0180869448,4.0814539469,4.0384540325,5.0037340417,2.0214097404,4.0124531294,5.0493808351,4.0037025176,3.0757061427,4.0919759943,4.0545632492,2.0466768442,3.082547385,3.0239241008,2.0583732829,4.0891120592,2.0810244301,3.0522396253
1.0670725074,1.0649656008,1.077211,3.017282697,4.0429240259,1.0282137865,1.076772499,1.0756851294,1.0826658976,1.0894952635,1.0348671098,1.0390002111,2.0908483553,1.0348741282,1.0915583705,1.0319890419,2.050696243,1.0365718581,1.0694663238,1.0897917095,1.0797687604,1.0337810542
2.0145999618,2.0963278144,2.0480019263,3.0216271385,4.0792639544,2.0098326336,2.0093665485,2.0907418899,2.0393568078,2.0922997564,2.0268171548,2.0769190329,2.0672567556,2.054557114,2.0748124057,2.0314539998,4.0945234647,3.0359687869,3.0372454183,2.0700625003,3.0408276614,4.0257679716
3.0592289911,1.0435051299,1.0846945495,1.0136780305,5.0657562615,3.0122578694,1.0104955127,1.0100997033,1.0073172046,2.0561865797,1.0371671946,1.0499882882,5.0338661252,1.0376737545,1.0454698298,1.0683772061,1.0289556026,5.0012358892,1.0912277838,1.0005456542,1.0920698948,2.0572824967
3.0222063124,1.0957237429,4.0599262868,1.0566413285,5.0193247827,4.0656669688,3.0327976379,2.0215703803,2.0674111985,2.0470406797,4.0461810547,3.0902832044,4.0489696037,3.0704371472,4.0123333664,4.0690951984,2.0276908034,2.0615714929,1.0687014708,3.0907343857,1.0392395624,2.0684516089
2.0655642027,2.0752253696,1.0915609743,2.022500966,5.048556157,2.0541759043,1.0188587629,3.0934802278,2.0276147537,2.0190502682,2.0741235501,2.0827778643,5.0466423748,1.0472539271,2.0069442395,2.0347737156,3.0129090998,5.0885876724,3.0474258927,3.004744375,3.0575494803,3.0842612727
1.0861098281,1.0619146689,1.0188542836,1.029997487,3.0943210017,1.0134736411,1.0157250225,1.0330806554,1.0212702282,1.0634421898,1.091652014,1.0474884928,3.0733639455,1.0830599644,1.0184994365,1.0313598703,1.059436241,1.0573389896,1.049301043,1.0631256903,1.0132414718,2.0471707683
3.0576231473,3.0084763812,2.0574535267,2.0086637195,4.0835503682,5.0380811299,4.0508358444,1.0989551811,3.0815488311,5.0700220709,4.0636130421,1.0445710467,1.0818070921,3.0707896884,1.0418388085,1.0614240028,3.0696962264,4.0425579877,1.0721689795,3.0474278535,2.0978194346,3.0060063695
1.0203209372,1.0301409085,1.0047717594,1.0510918912,4.0888518463,4.0899012253,3.0958487833,1.0541376325,2.0080210697,2.0185958741,3.0687866697,3.0971081825,3.0931161051,2.0880420708,2.0239970675,1.0231885157,1.0566633767,2.0670006159,1.012981126,4.0244485041,1.0304266329,2.0980990557
3.0863794347,2.0762603958,2.053364777,2.0146133395,2.0665821384,3.0115604717,5.0386435418,4.0397207975,3.0222474361,5.0256492932,4.0751950248,2.0240933741,1.0453459652,3.0904669544,2.0082927511,1.0965019787,1.0880527232,3.0359216352,1.0440450005,4.0759941077,1.0696331001,2.03741659
5.0842970809,3.0088918519,4.0115333092,3.0514085084,2.0435913458,5.0063887851,4.0265845303,2.084630603,5.0566167895,5.0904109017,5.0982520828,5.0209348227,3.0707973596,5.082041841,3.0939264401,2.0262795645,4.065127505,4.0961474466,2.0337659967,3.0667619056,5.096758847,3.0855639987
2.0536138059,1.0639485797,1.0161198884,4.0002996581,5.0670200241,2.0620223323,3.0727193271,1.0778073012,2.0471222663,3.013195615,1.0471581697,1.0160463313,2.0028070695,3.0199660693,3.0912598674,4.0226943985,2.0557547222,5.087933466,1.0579966482,2.0077865704,3.0128826431,2.028524969
1.0140616451,1.070697398,1.0167558956,2.04149658,4.0601230612,4.0466163611,5.094432999,3.0918904694,1.0233997933,5.0601254323,3.0602228577,3.0480350797,1.0019836717,5.0971037158,2.0396667434,1.0312896162,2.0807625792,4.0675227825,2.0712075856,3.0520547422,3.0931322274,2.0052133365
5.0507930495,5.0331613923,5.015719328,5.0083829737,5.0515889279,5.0585811901,5.0156402708,5.0860382967,5.089652662,5.0482615321,5.0188482174,5.0937449496,5.0234230347,5.0895047819,5.0216727187,5.0211616748,5.0762620766,5.0942163107,5.0922013588,5.0108513153,5.0625320206,5.0960104704
3.0406093063,3.0861241183,2.0239676052,3.0584614872,1.0429885033,3.0535254044,2.0538109089,4.0271915024,2.0813684529,3.0191084908,3.0176424298,2.0529722189,3.0900312759,5.0557341016,3.0097353056,2.0876227683,4.0925156152,2.0317229128,1.0288062507,1.0398694621,3.0151057333,5.0736548575
1.0587187067,1.0592695048,4.0646343827,1.0089539316,5.0728314864,2.0507700497,1.0396843372,2.0944526464,1.0867905123,1.0193599891,4.0636329046,3.0821115744,5.0893000414,5.0326583881,3.0058772096,1.0329781997,3.0598818271,5.0841228299,1.0136570088,4.0798001856,3.0545561391,3.0429236077
4.0400914545,5.0671056134,2.0594270526,2.0045289198,4.0423641819,2.0586390468,2.0986942632,4.0864739614,3.0230003983,2.0417057583,3.0401091241,2.0097525107,4.0085636543,2.0215299074,1.0176881145,2.0008092371,5.0362895482,5.0721520298,4.0842090324,2.0619955145,2.0250021707,3.0261132332
1.0230880179,1.0903446759,1.0513726153,2.0984405631,1.0846726257,5.0378797784,5.0805884962,1.0719596505,2.0665471161,5.0097469748,2.0704108925,1.060233994,1.0482711495,3.0675010235,1.0911730998,2.0523776821,5.060756144,3.0127225906,1.0369605792,2.000909284,5.0419836697,5.0704294493
3.0506104354,1.0324225294,3.0123132699,2.0204028623,3.0567070106,3.0227770464,5.0521535658,3.0675637849,4.046815115,4.0477317586,3.0905823317,3.0959154943,1.0273590652,1.0516980227,1.0282350226,2.0585387277,1.0067052402,3.0916583631,1.0549174694,1.0231441275,2.0019629226,2.0763361769
4.0618754383,4.0572647531,2.0134935273,3.0769773134,3.0866300788,3.0828409178,5.0956630183,5.0104873442,2.0086704811,2.0484492702,4.0781201566,3.0266022454,4.0859471745,3.0154880705,3.0054246471,2.0965824418,5.0873022446,2.0200150238,4.0195126182,3.0093562602,3.0421828665,4.0591721776
1.0437905548,1.0153671673,2.0081297226,3.0740938239,1.0764299132,2.0624177938,2.0716216856,2.0508036058,1.0983132612,2.0044407651,3.0458294761,2.0148453441,3.0905842889,2.0719000686,1.0222194664,1.0220972962,4.0219434957,1.009158988,4.0437522163,2.0158888896,3.0496827915,2.0909954667
3.0446618957,4.0658362576,1.0261672659,3.0571789633,1.0020913196,3.0208941106,4.0857709162,3.007634438,2.0209272607,2.0445274709,2.059223183,2.0812161001,3.0229844471,2.0538632662,2.0111714605,2.0095714846,4.0589552548,2.0490129344,4.0305242811,2.0247301041,3.0510234677,2.0947491503
3.049436647,2.0393189296,2.0272063371,3.0558445433,5.0523178738,4.0333574291,3.0576070274,3.0082028211,3.0196183377,5.0339978347,4.0231244756,4.0571435506,3.0426633822,4.0053071864,4.0970741502,4.0037445381,5.0301793109,4.012810577,1.0841266639,3.0477757046,3.0522845736,5.0167042189
2.0310566638,1.0100067104,2.022187973,1.0136162537,4.0994516155,4.0466842049,3.0371067105,1.0673734526,2.0131765838,3.0757527134,4.0367458127,1.0680633368,3.0703157994,1.0165672851,1.0494365468,1.0870429836,4.0152248714,4.0750590521,1.0647933763,4.010536487,1.0727308316,3.0224155568
2.0276697791,4.0076308076,1.0530181559,3.044669807,1.0721245235,3.035419291,4.0545871691,4.0526926424,1.0387242091,3.0549513745,2.0978662606,1.0009849839,3.0024965069,4.0067847115,1.0818824299,2.0681679723,4.0148019386,2.0721511617,3.063024054,2.0456424113,3.0425387378,5.0447910055
3.0819238099,2.0251062562,2.0598203571,2.0678006874,5.0104493427,3.0638415848,2.0918303008,2.06260771,2.0511364814,3.0381167492,3.0591748081,4.0045890553,5.0126800335,2.0556938014,2.0570107167,2.09601666,4.0187437068,3.016287569,1.0649986144,2.0940662345,4.0170384027,5.0019029095
4.0435220729,1.0392560762,1.0443626614,1.0752703963,5.029971935,4.0262352967,1.0162947412,1.0022787359,1.0812442211,3.0170423615,4.0481115301,1.0811278689,5.0595774733,5.0386772006,1.0990060026,1.0997697602,1.056147791,3.0384984271,1.058954188,1.0517395423,1.0473417738,2.0999809562
2.0625440573,2.0708982139,1.0523392118,3.0399897651,3.0290603069,3.0564202434,2.0908481339,2.0362341997,2.0986302114,2.079432419,3.0936630005,2.0952857853,3.0479108932,1.0867048862,1.0700822428,1.08082015,2.0826592332,1.0261078062,1.0311061697,1.0692122746,2.011256547,2.0101796332
1.0100724347,1.0613212075,1.0956952281,1.0309394761,5.0566377369,1.0045222049,1.0065330894,1.0283656732,1.0925400492,1.0913002501,1.0479139507,1.003912445,1.0221061754,1.0137970541,1.0212590753,1.0273615824,1.0018807835,1.0446944553,1.0610398004,1.0035619716,1.0549215502,1.0980549968
3.027387853,1.0251097727,3.0163656333,2.0138738749,4.0711584144,5.0466353597,4.0465245595,3.0071399937,1.0458553442,2.0718802523,4.0068546588,4.0269087604,4.0831956702,3.0010816295,3.0525942665,1.0029130481,3.0600724528,4.0966927761,1.0751616072,4.0225314368,2.0093992254,1.0442232489
3.0192495946,3.0232882093,3.0784320497,3.0664980996,2.0353664243,2.0093749772,4.0213790109,4.0420149901,3.0778060077,4.0514410591,3.0980587055,3.0266402234,1.0106051986,5.0373071541,3.0305176463,3.0012168898,4.0990615745,2.012927258,2.0061216114,3.0473958323,4.0619385722,3.0483260372
4.0776517196,4.0735837224,3.0841142514,5.0103174278,3.0232174737,3.0096273747,3.0627972218,2.0782450069,2.0086634596,5.0758108757,5.0586299092,4.0785688097,2.0942000742,2.0912443527,2.011476417,2.0233965138,4.0545576143,2.0177193606,4.0194193808,3.0723830482,5.0266299457,2.0745897096
1.0335602502,1.0071828559,1.0116527845,2.0947810987,5.0322648381,1.0751789869,1.0126141935,1.0390170596,1.0364312752,1.0307825012,1.0548505963,1.0515357758,1.027043551,1.0648501947,1.0066373988,1.0068549289,2.0438501776,1.0042466577,1.0462972374,1.0463318929,1.0681139271,1.0321176372
2.0221924318,1.0876960453,2.0792414536,2.0376251942,2.0467978066,2.0214789025,1.0192929817,1.0024240057,2.0563471447,1.0715650529,2.0343237916,3.0109863382,3.0512305977,2.0247119873,1.0324313039,1.0661283197,1.055052632,1.0786041258,1.0701110863,2.0592533253,1.0964459544,2.0268906562
5.0210795206,5.0295922126,2.0088241154,4.0820035075,3.0910953223,2.096988795,2.0508458683,3.0023324031,2.0285784975,2.0985612088,3.0012230301,3.0858466938,4.070865127,4.0320009263,2.0530463283,2.073985769,4.0245471865,2.0906523393,3.0264799714,2.0690968174,4.0327907374,2.010594818
2.0356064413,2.0583203943,3.0688746063,2.0665174807,3.0698548496,4.0724949689,4.0578707634,2.0537802956,3.0463666265,4.093326072,4.0390692698,3.0502135926,2.0917972782,3.0292714337,2.0643713906,2.0002182613,4.0880806645,3.0108652597,2.0566541264,4.0705430649,3.0728804746,3.028189288
2.0247804136,1.0719496782,1.0854179383,4.011052059,4.0946366417,1.0930558893,1.0915147428,1.0171001728,1.0701795603,1.037983026,1.0416837119,1.034122856,2.0932366156,1.0000617372,1.0078231003,1.0039607018,1.0651309726,3.05046212,1.0197605035,1.0166429988,1.0347666221,1.036221266
2.081292266,2.0239107715,1.0574063934,2.0003481358,4.0422896288,2.0114079363,2.0851060579,2.0907916884,2.0732783523,1.0970252293,2.0138069241,3.0426710737,4.0261786655,2.089157284,3.0671462607,1.0135356328,2.0890296231,4.0681521303,2.0393965408,3.0870689581,2.0890068015,3.0675585375
3.0418411097,2.0550256975,1.0547924098,3.0525440493,3.0325116919,4.0666378406,4.0356485829,3.0087272902,2.0941324505,4.00923829,3.0253774349,2.0570709223,3.0093234856,4.0225337196,3.0725591148,1.0150477643,2.0439266287,4.0861308014,4.0683780523,4.0132815993,3.0647707156,2.0863867808
4.0908537271,4.0363190337,2.0395222098,3.0537096765,4.0009811528,3.0260651292,3.0210789429,2.080634897,2.0103911132,3.094415192,3.0766234965,2.0715707878,5.0952976642,2.0785353884,2.0531235028,2.0919556787,4.0510716142,1.0925535771,3.0282576043,1.0399795289,3.0595074602,2.0103824778
4.0678689293,3.0414418191,2.058403993,2.0731059343,2.0597656395,4.0621271059,3.0833788631,3.0838256744,2.0697585151,4.0768545825,3.0061615567,3.0733621687,2.0644424889,2.0699528313,3.0084494132,1.0575853923,4.0135744231,1.0165825817,2.079671381,2.0758374732,3.0936554499,3.0229383696
4.094541181,5.0282080811,2.0351187011,3.0292115964,2.0552321987,3.0857265295,4.0328558578,4.0500663171,3.0887371726,3.0864720695,4.059134177,4.0186592374,3.0522036688,2.038855656,3.0605852714,1.0992342245,5.0682335395,1.0395339509,5.0160170292,2.0804410849,3.08876894,4.0234615074
1.0297108115,1.0708730791,1.0385552534,1.0128648034,5.0131586389,3.0160982295,1.0352980546,1.0163507254,1.0578312019,1.0157043135,4.0021528492,2.0076176095,5.0349438722,1.0912717136,1.0148265806,1.0454319572,2.0601434729,3.0406033678,1.0330695965,1.007641418,1.067084006,1.0105131645
4.0557676322,5.030318067,3.0957289265,5.0025415249,4.0980769049,3.0857935985,4.0774856271,4.0849128997,4.0947247528,4.084584648,3.0262088475,4.0700520446,4.0694723203,4.0327394224,2.0965591055,3.0907390939,5.0893764642,3.0513758886,2.0540052543,4.0578413972,4.0996928519,2.0779511182
2.0595769098,1.0879900611,4.0605312667,4.077600156,4.0917738307,4.0497301159,5.008040472,3.0010872565,4.0203474347,4.0816222145,5.0001094066,5.0778601631,3.0157044993,3.0238777593,3.0277731138,4.0707736552,3.0120455589,4.0156658969,2.0662919452,5.0789823178,4.0941331261,4.0716805011
4.0211115766,4.0354220389,4.0735809992,3.078633395,2.0874006438,4.0302500684,4.0454451828,2.0276793626,5.0850713861,5.0333909594,5.0999376379,5.0309199219,2.0951542441,5.0951122502,4.0590786105,3.0542213065,3.0903788396,2.0752059285,1.0763757828,2.0929356001,2.0913215264,2.0035029012
5.0892568602,5.0533142974,2.0562369472,3.0978277142,2.0140713426,3.04316552,4.0609320199,5.0606420184,5.035264952,4.002526963,4.0001595994,4.0073217709,5.0702872738,5.0504025756,4.0789348754,3.0873811892,5.0064692733,2.0695541039,3.0438183347,2.0706320297,5.0061836486,5.0222099985
2.0132455212,1.0090157533,3.0890854332,1.0076833869,1.0117937681,4.0738207169,4.0040051094,1.0631289539,1.0453251898,1.0262859298,3.0270835877,2.0795380277,1.056023726,3.0142959557,1.091000289,1.0480732887,1.0672064206,2.0393975314,1.0417624789,1.0135394353,1.0806954699,1.0788044723
2.021484115,2.0391210264,2.0796267696,2.0923802458,5.025285799,3.0673766985,3.0256396275,1.0542004816,1.010612449,1.0535471407,3.0128638774,2.037728662,3.0394079449,1.0157470267,1.0305918044,1.04236613,3.0493589425,2.0857830685,3.0682079563,2.011293505,1.0169210105,3.0248982614
5.0019962216,5.0923806455,5.0422190425,5.0729655919,5.0680426565,5.0454136654,5.0231988567,5.078993168,5.0887061856,5.0022750034,5.0786436333,5.0779861293,5.0686167319,5.0736613888,5.0040988064,5.0951361466,5.0538772416,5.0608735164,5.0337970332,5.0393324294,5.0197667172,1.0998277674
4.059276765,2.0841338817,4.0932918928,3.0996142044,2.0843511075,5.0229932275,4.0836093359,2.012816411,3.0937412735,4.0387186428,5.0115434833,3.0800174041,2.0566089829,5.0421721435,3.0809839285,4.0480270207,5.0031957507,2.0132422299,5.0514628468,3.0962011092,4.0183264753,4.0547607172
2.0638544535,1.0672261244,2.0336585948,2.0872681297,4.0680275182,5.0424278162,4.0466841281,1.0489119693,2.0494357904,5.0615546766,3.0608648786,2.0516709873,3.0495049769,4.0574099489,2.0025677982,4.0358266359,4.0435731353,5.0235940513,1.0865114318,3.0569909423,3.0139504675,3.0290450134
2.0720131558,2.0365721744,4.0111031199,2.0421660908,4.0685991767,4.0912119311,3.0013533923,2.0981243715,2.0764464509,3.095877509,4.0661707731,4.0105467669,4.0498132847,4.0032856093,2.0546102641,2.0564091963,2.0093128277,4.0155013153,2.0801942007,3.0622367268,2.0295337023,3.041680553
1.0039792072,4.0897958015,2.0267058281,3.067264481,3.0189113592,2.0446382517,5.0565978562,4.0356688886,2.0334352269,2.0246796211,4.0033338414,2.0839711199,2.0805063246,2.0296296559,2.0548208331,1.0831126471,5.0040797491,2.0095304769,3.0672443152,3.0600778093,2.0493010968,4.0600057448
2.0445279476,1.0648506524,2.0666977732,1.0714019326,2.0489494375,2.0274466364,2.0030392451,1.0254120904,1.0802725179,2.0634480874,3.0913097478,2.0897527045,1.0859512386,1.0502728552,1.0317575331,1.0516208673,1.0450833319,1.0906168342,1.0122423649,2.0768730936,1.0274462383,1.0793834407
1.0181797765,1.0963759185,1.0185014798,1.0940397846,3.0742076809,2.0171355989,1.0124547789,1.0034459723,1.0861658159,1.0020901458,2.0942672593,1.0756655719,1.0869825919,1.0919915044,1.0522517158,1.0283333439,1.0456846855,1.0325256428,1.0101847866,1.0718929057,1.0829552704,1.009915099
4.0189538172,4.0742674898,2.0515976004,4.0091866471,5.0883531337,4.0318107406,3.0490699008,2.0438844899,4.0823095993,4.0977795007,3.0597910004,4.021614739,4.0133029108,2.0099360488,2.0828936309,3.0945646391,5.0455964736,2.0942799777,4.0042445814,4.0182259285,4.0849271845,5.07397993
3.0417431847,1.0946790769,2.0674373234,1.0581465397,1.0728558663,3.0971367812,3.0436666735,2.0120806922,1.0777735072,2.0267401845,5.0644762002,3.0354575635,1.0006889018,5.0722321266,3.0993685816,1.018699072,2.0004334963,1.085973776,1.0130252007,4.0015185685,2.0259636487,2.0083598319
4.0851051325,4.0259924217,3.0716629361,4.073102126,4.0959317973,3.0488443842,4.0026053387,2.0985602435,2.0754649619,3.0816164081,3.0430830385,4.0954167891,3.0579554924,4.0091492477,3.0201513878,4.0528455353,4.0433996487,2.0692667815,4.0447448835,3.0995548122,4.0140744697,5.0927189932
4.0799672944,1.0278064254,2.0773582741,2.0213866442,3.0432597791,4.0688802984,5.0321303754,1.0242445394,2.065173836,4.0453463359,2.0707119213,2.0535927044,1.0299685335,4.0324088112,3.0364789735,2.0334339322,4.071226497,1.0513652265,1.0946274244,4.0360984369,4.0994123962,4.059721807
5.0957203565,4.0397967859,2.0369400188,3.0759240266,2.0754103998,4.01294325,4.0574045711,3.00880353,4.0568967179,5.027691555,3.0019237668,3.0830651238,3.0658709223,5.0834271759,4.0297297528,3.0582351035,4.0894969649,2.0186110437,3.0445858211,4.0127571919,5.0609439705,3.0294405625
2.0480423745,3.0699107734,2.0187259148,2.0333691998,2.0003507307,3.0684775661,3.0118618496,4.0849503816,2.0461382625,4.0130035006,5.0554560469,4.0160031228,2.0147166284,5.0215718989,5.0871509837,1.0005559576,2.0402849444,1.0605160551,2.0350937736,2.0338168662,2.0933327212,3.0480296684
1.06957315,1.0022967727,2.0882282358,2.0518964397,4.0084468101,2.0198219184,2.0415339445,1.0642720981,1.083290541,1.0725253287,1.0008805765,1.0729185623,4.0448010625,1.0156694926,1.0217308641,1.0838351622,1.0344475735,1.0026328036,1.0155114384,1.0248279207,1.0128554692,1.0781901567
3.0804648621,1.0684439764,2.0988478057,1.0250514254,4.0321096274,5.0596892144,5.0341650687,1.036851091,4.0752399876,4.0971937395,4.0830738204,2.012594157,4.0046653181,5.0101255115,3.0150549681,2.052391335,5.0476836764,5.0566142556,1.0440961017,3.0099090767,5.0604392878,5.0679049714
4.0192587848,2.0090258912,3.0716664332,2.0111060182,2.0044759026,5.087921925,5.0343198976,2.0894634793,4.0007038195,4.0472834161,3.0905333228,4.0822132824,4.0576754416,4.0669161416,4.0629535629,2.0928253782,4.0866050985,3.0709237246,2.0566236119,4.0116057023,2.0256779457,5.010468856
3.0730041689,1.0299376212,3.0160880422,3.0502664723,4.059416886,4.0716190106,3.0461158365,1.0607869742,1.0418190856,4.0011533521,4.0874477723,3.0741546716,3.0004011177,3.0542675293,4.0777874176,3.0685852117,3.072351555,2.0355086576,2.0441442111,2.0564079918,3.08501689,4.0317635911
2.0472834585,2.026852561,2.0715802342,2.0972910649,4.0694065611,5.0272204407,3.0979934874,1.0686901954,3.0384336363,3.0012253365,3.0462431193,2.091818796,1.0355242469,4.0227200681,2.0554616963,1.0967261161,2.093697256,3.0540321622,1.0659828158,4.0470898043,3.0996493229,2.0448807494
2.0180501247,4.0494270878,1.0771669805,2.0133083261,1.0797411354,1.0542209417,2.0573344603,3.021666983,1.0434372124,1.0265615715,3.0122977094,1.0471309446,4.0690765327,2.0060377598,1.0627411038,1.0913757093,4.0607882793,1.0874556388,1.0445545387,1.095399549,2.0777767122,3.0573568934
4.07216065,3.0660798574,4.0647426409,3.035497303,2.051838425,4.0313604434,4.08769875,3.0825653841,4.033961778,5.0543583696,4.0840901212,4.0393152062,2.0266727093,3.0871905325,4.0053133744,2.0564306719,3.0933686585,2.0669729552,2.0965870104,4.0122593369,4.0925224941,3.0790756933
4.0373753552,4.0320506079,4.0307035292,3.0710475592,2.0548052631,3.0876443013,4.00996478,2.0648414736,4.0960050557,4.0435516941,4.0410584238,3.0205664633,2.0719141609,2.0980230522,2.0249691552,2.0777640195,4.0517262417,3.0109335394,2.0650508529,3.0704799148,3.0583164367,3.0942321607
3.0290128416,1.0737761602,3.0822654207,2.0278771866,4.0764025556,3.0101063194,3.0884647936,2.0473789786,1.0924191166,2.0938062258,4.053162639,3.0577554995,3.0273583387,2.086842002,2.00474546,2.0650583682,2.0709602106,1.0886320359,1.0322221122,3.0674345401,2.0814104923,2.0654610984
2.0823340077,4.0468548264,1.0085565465,3.0607283525,4.0479756615,1.0705638252,3.0878439887,2.0538317225,1.0955546791,1.0917012215,3.0251708742,3.0354488269,5.0442011442,2.0293084863,2.054587054,2.027288046,5.08741863,2.0394781724,4.0021400466,3.0029940897,3.0761496065,4.0688036242
3.0449771251,1.0334142707,3.073480648,1.0566678005,2.0079152776,5.0299186838,3.0225084568,1.0318989184,1.0764275916,2.0356996389,5.0703286824,3.007597809,1.0106513832,1.0614631728,4.064533825,1.0782169914,4.0154357562,1.0475337245,1.0024659227,5.0310658016,1.0315208959,1.0562915722
1.0948557762,2.0920889159,1.0685155748,2.0341784452,4.0904441101,1.0122283075,1.0135719773,2.0816024801,2.0326037906,1.0380796967,2.0059512001,1.0456624706,3.0792856258,1.0865194733,1.0075613569,1.0847791257,3.0829907801,2.0621878725,2.0906213108,1.0976728713,1.0518218631,2.0609536132
1.0786557763,1.0466043408,1.0257433873,1.0975067735,2.0141233737,2.010810285,2.0881512644,2.0632038948,1.0822899333,2.0140182129,2.052126907,2.0639327804,1.0278104001,1.0198560786,1.0698116627,1.0707543438,1.0859620852,1.0945401716,1.0253569158,2.0096797268,1.0206863244,2.020791252
1.0872363955,1.0886995628,1.0893189362,2.0109857667,3.0359974847,1.0280366075,1.0875502983,1.0204868057,1.0826738531,1.0437226674,1.0856656157,1.0569911473,2.0305322326,1.0639602566,1.0828107988,1.0142724231,1.0514741435,3.0212386763,4.0537296807,1.051183676,1.074781948,1.0248071665
4.0930668672,2.0799623756,4.0756065096,2.0364027525,2.0933090223,4.0812967537,2.0480644958,1.0510854362,2.042582012,3.0826107126,4.0753380301,3.0198578502,3.0177796592,2.0883264895,3.0495199094,3.0200613508,1.0357887908,3.0333291086,1.0746810572,4.0118443338,2.0567070176,3.0858655953
1.0436958749,2.0837428655,1.000962039,1.0608112376,4.0303898416,3.037380391,2.0921059808,2.0936971837,1.0057833031,1.0039727255,4.0519856928,2.0284072027,4.0740732931,1.0152824739,1.0190365121,1.0520229096,3.0486352015,3.0066292222,2.0526332994,1.0088143127,1.0679160503,1.0113089482
1.0525145186,1.009729208,1.0719350366,1.0824726359,3.0971960565,2.0163547821,1.0451906161,1.0231333931,1.0032844056,1.0854720698,3.0458309082,1.0607037419,3.0079649289,1.0571951726,1.0947605631,1.0717995546,1.0465875622,1.0618431483,1.0176641184,1.0941266739,1.054516605,1.0443515314
2.0714882822,2.0780804503,3.0079025183,2.0241975647,4.0274554458,4.0398090137,2.0506314074,2.0216209562,4.0121940234,4.012143196,2.0721600645,2.0528804164,4.0014293345,4.0860842866,1.0235093502,1.004094243,1.0048992734,1.0150037015,1.0964001999,1.0763545667,1.0671052032,2.0626005127
1.0817070452,2.0211943282,1.0918300982,2.0779093465,2.0858281245,3.0278147042,1.0255672854,3.0018660765,2.0428447609,2.0667618957,1.0058206092,1.0512420432,3.0888721579,4.06903481,2.0027015102,2.0330754185,4.069500313,2.0509881562,2.0302760107,2.0378445295,2.0720192521,1.0050522698
3.0098111731,2.0057580411,2.0374640195,2.099660755,5.0012496948,2.0571351583,1.0198884524,3.0096711885,2.0646712988,3.0662939425,4.0216272373,3.0784408373,5.0748948378,4.0649971538,3.0304301782,2.025181552,4.0240240901,2.0800523461,1.0005526339,4.087610557,2.0332005394,1.0992985786
2.0325408329,3.0349438822,1.0510564327,2.088494698,1.0457117778,3.0007624586,2.0858250431,3.0587033389,1.0771467542,1.068018526,1.0394881092,1.0131519716,1.0176428005,1.0249621239,1.0280395591,1.0478699791,3.0955569218,1.0706365946,1.0153551389,1.0567533318,2.0751681582,1.0305819999
3.0806058597,3.0568228558,3.0720432777,3.0833269733,4.0901363249,3.0415207637,4.0248894292,1.0549770362,3.0017898869,4.0580934212,3.0741708904,3.0783686545,4.0037176784,2.0377010596,2.0644502429,1.0143330563,4.0804569144,2.0989299362,2.0685005007,2.0540756347,4.0714262224,3.0987057482
1.0813851772,1.0456745887,2.0814033459,1.0411042541,3.0691020161,4.0563109164,4.0549883844,1.0521460585,2.0395648112,2.0954156969,3.0085799731,2.0309809377,2.0050753981,3.0463887673,1.0949780524,1.0374513179,1.0697703033,3.0888563052,1.0345020432,2.0934022096,1.0579963053,3.0080209605
4.0153546173,2.0841962727,2.0929223266,2.0690999299,2.0051092343,1.0182781036,3.055327843,3.0916923168,2.0712478166,3.0384307847,2.0211960958,3.078648336,2.0870603611,2.058433172,3.0599511102,2.0007367573,4.0598264587,1.0002065517,3.0459344208,2.092375678,2.0718681232,2.0293034374
2.044964242,3.0289606308,2.0045652595,1.0126565244,4.0106585374,4.0490152467,4.0674659147,2.0666594064,1.0100372765,2.0661953481,5.0144684653,2.0312104952,3.0794986632,1.0558659325,1.0429020026,1.0354584062,3.074330846,2.0296395345,3.0156608367,3.0690116791,1.0709266569,1.0552782901
2.0866728087,2.0805519358,2.064679091,2.0109566291,4.021165371,2.074069789,2.0863548375,3.0726095936,3.0372122327,3.0197367135,3.052617867,2.0311486549,2.0717326379,2.0155484988,1.069754209,1.0267440903,2.0900389038,1.0513889582,2.0330386539,1.0635955159,2.0472151353,2.0274288909
1.0375716519,1.0180084707,1.0503186697,1.0858186945,4.0097257286,4.0846412762,2.0353275776,1.0741159679,1.0041765793,1.0130803215,2.0342128573,1.0477294244,4.0392826546,1.0155050462,1.0884231857,1.0362670207,1.0376559444,4.0410740997,1.0672140001,3.0456870529,1.0933293022,5.0965545916
2.0115448846,1.0208339846,2.0864977231,2.0848096044,4.0910228205,3.0415352606,3.0068465289,2.0540860064,2.0792823672,2.0940252023,3.0793444107,3.0622998252,4.0788072551,2.0661743835,2.0413314053,2.048448693,4.0656761031,2.0625273436,2.0452064327,3.0767058615,2.0897686279,3.0863081802
3.0846696513,2.0467346486,2.0998517155,4.0305959093,5.0371684738,5.0744077714,4.0232429823,4.0013170439,4.0688360609,4.0728264913,4.0460358556,3.0433212374,2.0485880164,3.0402204759,1.0485680178,1.0021453966,3.0349300532,4.0787865985,1.0431424244,2.0213026145,2.0388427694,2.025076253
3.0464936017,2.0790272666,1.0351071174,1.0430061256,4.0824288206,3.0235280288,3.0350793871,2.0773546723,1.0483882864,3.0176311258,3.0377945395,3.0466873635,3.0252064368,2.026227811,4.0336867138,4.0885938114,2.0245031597,2.0261191782,1.0902409357,3.0024791247,1.0278711689,1.0160211293
3.006864648,2.0175950386,3.0850659414,2.0848755607,3.0851282775,4.0588269378,3.0437826772,1.0612176934,2.0255172202,4.0814911916,4.058091143,3.0549104768,3.0033642805,2.0792059276,2.0513200778,1.0683866278,1.0474005124,2.0264366439,1.0763371963,3.0397165343,3.0909482263,2.0770439953
2.0274708351,1.0169546755,1.0666698178,2.0027731913,3.0440079638,3.0035023381,2.0359267906,2.0489622763,3.0149123223,3.0443381552,3.0794723362,2.0743591632,2.0475910489,2.0856681247,2.0168107642,1.0503033123,2.0715465197,2.0088737707,2.0275530035,1.071777786,1.0580149285,3.0131077667
1.0900188549,1.0386413936,4.0485183701,4.0520145287,2.0979292847,4.070756483,4.0365851915,2.0116074772,3.0658416972,2.0072884529,3.0988036746,3.051508117,3.090975034,3.0370818239,3.0544162011,3.0249313391,3.0172331098,3.0237224363,4.0350622487,4.0115225724,4.0271605217,4.0735169611
4.0444445512,3.0763628027,1.0070601537,2.0459971747,1.0659386758,3.0815996666,3.0893194318,2.0801969044,1.0782023791,3.0211513686,3.0752261513,1.0270549142,1.0255459761,1.0043911765,1.0759396197,1.0607253521,5.0596729576,1.0343817938,4.0299201916,2.0513163145,2.0641678988,3.0629885018
3.0377525521,3.0744175551,1.0140086475,1.0700975798,1.0899210347,1.068846309,1.0902854634,4.0908404768,1.0329110125,1.0790632466,1.0762218618,1.0361931293,1.0353780236,1.0972154378,1.0603432078,1.0134730482,3.0056107245,1.0936862616,1.0693189991,1.093791365,2.0031351644,1.0926037952
3.0710841292,3.0112527445,3.0348317536,3.0876840177,3.0632087501,3.0215921297,3.008254998,3.0998000521,3.0130404298,3.0268196537,3.0324851357,3.0707988617,3.0884342681,3.0894735063,3.0471767432,3.0224568751,3.0982402025,3.0501269489,3.0774555431,3.0446785463,3.0624410512,3.0636025954
1.0042197413,1.0687195617,4.0861478794,1.007041886,1.0780738584,4.0961432612,3.0129228702,1.0050524626,1.0229635935,3.094597454,4.0276398081,1.0960860701,1.0788964138,4.0228432703,1.0284147769,1.0284720513,1.0579701847,1.0480665723,1.0790478687,4.0381227261,1.0567182977,1.0803691051
4.0107302825,3.053353508,3.095552235,2.0539168719,2.0128716911,2.0609519508,2.0553977284,1.0604148128,4.0575781449,2.0894461463,3.0896398768,2.0566769469,1.053500714,3.0305587839,2.0098314445,1.0728543161,3.0110319112,2.0464530262,4.0135950474,2.0240136393,1.0545433156,2.0617295164
3.0738075973,4.0114070493,1.0023259676,3.0870431023,2.0155750957,1.0210125097,2.0394048042,4.0263343705,2.0196521427,2.055983415,3.0837248126,2.0233193637,2.0754701617,4.0681101742,1.0963927731,1.0387767416,5.0899937533,1.0312631154,2.019217123,2.0699882703,4.052473964,5.0429539521
3.0745698698,1.0858462041,3.0277765466,1.0257781446,1.0161249,3.0731319371,4.0879030345,1.0657383781,1.0145734886,4.0870736243,4.0765524871,4.0640820467,1.0511535305,4.0775302363,1.0395826584,1.0360472996,1.092482553,1.035298909,1.0728773208,3.0787980291,1.0614152456,3.01742123
3.0270560824,2.0892334245,2.0208355202,3.0069503288,4.0476676062,3.0659629028,2.0750896892,2.0085218899,3.0173141837,2.0029111975,2.0867218467,2.0768440187,4.0787985214,2.0045839654,2.0037659108,2.0790163151,3.0069034122,4.0857344064,3.0210291033,2.042527434,3.0230016027,4.0151284574
3.0919820084,3.0968428289,3.0166973744,4.0610573628,1.0736149488,4.0639597007,4.0323946,4.0981882795,3.0500708518,4.0325379218,4.045437501,3.0295899969,3.0395150376,4.0490482228,3.0965638514,2.0054824197,4.0845276465,3.0098445915,4.0156659774,4.071853711,3.0159047945,4.0468253665
3.0624734099,4.0059982862,4.0586744825,4.0912124406,4.0380724149,3.089094354,4.0138850546,3.0614544224,5.0628086617,4.018471284,2.0516952239,3.0917766791,4.0178170092,4.0740060433,4.0181760169,2.0481321952,4.0525202358,2.0650846758,3.0669506388,3.0724479976,4.0885179475,4.0176384937
5.0206901225,2.0627129371,2.0426165936,2.0518938106,1.0368905263,4.0418292647,4.0677834593,3.0693956569,1.0474071156,4.017484985,5.0506467605,3.0490104041,1.0267172411,4.0437254317,2.0017657934,1.0883877892,2.0511938425,1.0880186163,3.0629800397,1.039058995,3.0107742269,4.0779256677
4.0020747868,2.0193649604,3.0118329702,3.0897008566,4.0089432693,5.0557936559,4.0382240209,2.0674225026,2.0858006535,4.0859375071,4.0479609002,3.0529713496,4.0481909749,2.0638576355,2.0046553985,2.0993140966,4.0860725644,3.0969297593,2.0659242573,2.0291287545,2.042480566,4.0032679657
1.0200003123,1.0535168448,2.0080003093,1.0165134449,1.0718929041,5.0042497655,5.0882554106,1.0888785569,5.0258245107,5.050965594,2.0497402805,1.0741677977,1.0301293045,5.0441953906,1.0053808943,1.0259923197,3.0751163741,4.0542743675,1.0934950572,3.0487218512,2.0652836174,5.0371261947
1.0730633068,1.0236645817,1.006506298,1.0629489892,3.0934664127,2.0728264177,1.0242853638,1.004947562,1.0817687209,1.0012067537,2.0263730235,1.0751388572,2.0296558383,1.0650040535,1.0673603359,1.0244149863,1.0428165069,1.0457292056,1.0679958151,1.0376317207,1.0023078195,1.0948264681
2.0749537315,3.0082971297,1.0526707712,3.0348335762,4.0623149649,2.0910842958,4.0868875083,2.0918788747,3.0317196692,1.0747656335,1.0455658693,1.0283268237,4.0435240129,1.0617398103,3.0111777482,2.0868816866,4.0131770271,1.0365906712,5.0867744384,3.0824713951,3.0915968584,4.0930972936
2.0899186517,2.0368396881,2.0548377058,2.0771174541,3.0008394343,4.0640316886,4.0084836941,2.0164716649,2.0959754131,3.051039745,4.0343189046,3.0830245745,1.0285085174,3.0401642697,3.0912547772,1.0841665394,2.071840021,3.0748311529,1.0909720555,2.0338223808,1.0155893996,2.023531593
3.0920131538,2.0153132509,1.0931552605,2.0474336504,4.0320743573,2.0980634961,1.0159966049,2.0463971942,1.0513678213,1.0271074822,1.0752029362,1.0962520006,4.0335176363,1.0165233355,1.0989800667,1.0707592065,5.07004259,2.0312319167,3.0221682715,2.0224995131,2.0408896091,2.0857427567
4.0780373395,5.0436916088,4.014431691,5.0011729788,3.0627249848,3.0961003855,3.0051201816,3.0807644286,3.0996654161,3.0588739615,3.0682440915,4.0778592504,4.0984215465,3.01725967,3.0721913377,3.0295713648,2.007984732,4.005934215,4.0337001785,5.0847699392,5.0866883923,5.0521163159
4.0206309463,4.0589454603,2.0954247309,3.0921619829,2.05830176,1.077105752,2.0549800343,4.0898760901,2.0180310583,2.0244102815,1.0557572297,1.0306443655,4.0948878877,2.0052106875,1.0766826269,1.0363891557,4.0281298779,3.052508403,2.0373556846,2.0265546233,3.041472686,3.0581172323
1.0235577769,1.0284811154,3.0411120097,1.079317725,5.050749423,5.0686893057,3.0569960535,3.046781575,1.0445543477,2.090152886,5.0162309931,4.0358146278,5.0215428774,1.0677645833,3.0299137284,2.0263820444,1.0290771109,2.0178964685,1.0393370428,1.0232527647,1.0764986469,1.0783878232
3.0083392856,2.0776743957,3.0023398552,3.073217662,1.0277082622,4.0135124904,4.0835508328,3.0844892722,4.0961003154,4.0428022102,4.0228810623,3.0608351969,2.0376902346,4.0971249218,3.0019462421,4.0212384609,3.0416627384,2.0831396938,1.0738736997,3.076608841,3.0253465948,3.0097734372
1.0595145207,1.0777819925,1.0086691769,3.0980430257,1.0058551306,1.0913732855,2.0408943053,1.0482595116,1.0349886638,1.0812922344,1.0445524012,1.0747463988,1.096380867,1.0775492938,1.0882351474,1.0970857358,3.0808089681,1.059847889,4.0789603315,1.0969944298,1.0045814656,1.0458767134
1.015771235,1.0603811034,1.0391137935,1.0918210442,1.0053728425,1.0127157768,2.0368793563,2.0140041053,1.0707786695,1.0011775542,2.0924575632,1.0351276696,1.0408932699,1.0966039929,1.0378691607,1.017553572,3.0177969775,1.0426895189,4.0046592455,1.0234039391,1.0437988417,1.0509305306
3.0175400639,5.0678037746,2.0828523474,3.0675570549,3.0439669715,4.0616516097,5.066394486,4.0769123627,2.0761301219,2.018598769,3.0789698464,2.0307009909,2.0489587886,1.0713742619,3.0501277179,1.0739460703,5.0486428197,2.0462062321,4.0054664805,4.0366100118,4.0736229063,4.0034499462
1.00070329,1.033531168,1.0214111989,3.029631276,5.0221336976,1.033569572,1.0845261283,1.0224807252,1.0609402591,1.0676051982,1.0721780864,1.0889024576,3.0434476499,1.0209101429,1.0579317997,1.0548589311,1.0216546869,1.0762743318,1.0922981515,1.0156417369,1.0876246885,1.006305603
2.0270154733,1.0430274824,1.0417576703,2.0921709087,5.0201719811,5.0391786574,1.0808213924,1.0059883886,2.0657021536,1.0223368718,1.0846197003,1.0839891907,4.0287853944,1.0646587431,1.0746177823,1.0888195062,1.0717578276,1.0609643975,1.0393168835,5.0991405405,1.002722422,3.0220770042
5.0784312637,5.0033375146,4.0475276354,4.0420157711,4.0534942381,4.0156518063,5.0229501176,4.005625531,4.0485583632,4.0313520155,5.0381752002,5.0978696405,5.0477006828,3.0566745137,3.0240335564,3.0431332385,5.0154971496,4.0410262878,5.0669932739,3.0507550852,5.0153660546,4.0534065344
3.0116225725,3.0289016594,3.0421925005,3.0795742337,3.0857341602,3.0028483399,4.0269721006,5.0232466822,3.077747927,3.0635741747,3.0791035907,3.0966210672,5.0907111289,3.0105765051,3.0480031645,3.0545339703,3.0690223956,3.0977644693,4.0126944304,4.0838319506,4.0583067072,4.074316126
3.0468869277,3.0699294844,3.0005845181,3.0477580174,4.085212003,3.0576366665,5.0832393954,4.0929391085,4.054102653,2.0777513992,3.0497323282,3.012391707,5.023835737,4.0416019162,2.0964851916,4.0958600418,3.0277261056,4.0414788843,3.0152935896,3.0955806983,3.0194340716,3.0664619723
1.000970369,1.0972833408,1.0911116657,1.0195472147,1.0392435948,1.0621875062,1.0924450011,1.0160590328,1.0665203056,1.0304784255,1.0486162037,1.016142339,1.0316070837,1.047535027,1.0329339146,1.0071975254,1.0373572905,1.0209350337,1.0039349654,1.0786714171,1.0750938438,1.0767660168
3.0692399621,2.0865857858,4.0709056882,2.0841779249,1.0496675339,5.0751123909,5.0851831686,1.0293203092,3.0898674024,5.0111214955,5.0714609044,4.0731759669,1.0808941223,5.065088837,3.0344889171,4.0937388741,3.0350131119,2.0450845364,2.0516606058,4.0726317884,4.0480830611,4.0381528341
5.0001317586,4.0387115123,5.0833862117,3.0455973457,2.0101331273,5.0112758727,5.0422543949,5.0309801343,5.026698985,5.0818454148,5.0913563162,5.0191649799,3.0691940453,4.0247485437,5.0217441341,3.0290617988,5.0848559689,5.0394765966,4.0545765985,5.0097866237,5.054765196,4.024723539
2.0633779972,1.0383655038,1.0211865377,2.0550810603,5.0283979166,2.0735346545,2.0032345445,1.0649654794,1.088584261,1.0327059348,1.0745817872,1.0460543922,1.0987462055,1.0895602975,1.0179279179,1.0312596289,2.02987456,4.0609835325,1.0334745183,2.0438671822,3.0648297609,2.0606508453
2.0610947663,1.025483817,2.0731307264,2.0969531193,4.0962130802,4.0053529176,3.0312100836,1.0262143264,2.0953849684,2.0867653732,4.0826351674,4.0914072875,5.0808325034,2.0538298979,1.0038136331,1.0052603967,3.0060678194,3.0537343069,1.0821267556,3.0512026251,2.0455918727,4.03382968
4.0997281491,3.0691165689,1.0307360139,3.0244268144,1.0278759934,1.0365950916,2.025440766,4.0898813986,3.0871432034,3.0560472827,2.0979022562,2.0679357474,4.0598270316,1.0410737105,1.0617666242,1.0741364226,1.0570788587,1.0041954404,1.0837418327,2.0371408078,4.0649569037,5.0925446942
4.0494211938,2.0387018177,2.0339729037,1.0718658409,4.0983832781,5.078464171,5.0639183265,1.0346897967,1.0416750636,3.0621259193,4.0494984947,3.0206890065,2.0717969449,3.0756314064,2.0323677856,1.0252891959,2.0689269519,1.0261738213,2.0278957973,5.0118761302,1.0394758439,1.031888472
4.0012688149,4.047170358,2.0587359632,5.0780772869,1.0426722438,3.0255616867,3.0844143908,3.0363082639,3.0226473928,4.0272672778,5.0621279162,2.0633881469,2.0986645384,5.0829934163,4.0917706863,1.0383385658,4.0998124975,1.0010829353,3.0129963867,1.0042746213,3.0418586929,3.0575880316
2.0550436195,4.0317748534,1.0333366004,3.002000858,4.081347344,1.0602095339,2.0885813046,3.0303899643,1.0540536149,2.0224489738,3.0551159811,2.0063682168,4.0096133894,2.008265898,3.0406020221,1.0831819343,4.0536195701,1.0896947273,3.0620311886,1.0889457661,2.0835027844,2.0323437512
1.0290033704,1.0342076968,1.0974423614,1.0921876279,1.0779558011,1.0188775179,1.0704118314,2.0418598153,1.0768522993,1.0817450371,1.0281285165,1.090476348,3.0718844704,1.0995260468,1.0151858594,1.0402137012,1.0893273016,1.068442735,1.0020835809,1.030818117,1.0401727298,1.0431252375
2.0576732131,1.0779940543,1.0158255317,2.0103665665,1.0927382296,3.0872211629,3.0466073649,2.0326627781,1.0382482792,1.0676067847,2.0375604719,1.0373511002,1.0051498468,1.0776997328,1.0715925694,1.0458429067,4.0256982521,1.0728149598,3.0363857482,1.053662793,1.0843268409,1.0769163114
3.0486923881,2.0450679403,3.0666276753,4.0600359604,5.0162554692,5.0712792259,5.0555581549,5.0299078951,3.0084218391,4.0393541428,2.0061815988,3.0640440744,3.0542211096,5.0978546193,2.0414090657,2.0464578143,4.0574871275,2.0810244527,2.0865466977,3.0475744487,5.058379406,5.0913667656
4.0383117223,4.0281427434,3.0439924292,2.0956162377,2.0946849821,4.0210441438,5.0582191642,3.0533416571,4.063636753,4.0605146775,3.0702869488,2.0833486101,4.0953790389,4.0122307885,2.0219932062,2.0700241904,5.0330467103,2.0080394936,3.0917920079,2.0439434299,4.0102576211,5.0992923509
4.0144311575,4.0390577404,2.0280773315,2.0683582373,3.0667962795,4.0116331499,5.0807285333,4.0879361556,4.0989035226,4.0195381667,2.0328506455,2.0507740248,4.0264190543,4.0704370259,2.0448424906,1.0749205836,5.0376211471,2.0715457931,5.0607251631,3.0358527885,5.0946387992,4.0689063022
3.0207026353,2.061701395,2.0529428841,2.0384847864,3.0608991525,3.057508482,3.026571243,2.0695845215,3.0426553321,2.0254935703,3.0148398539,3.0243938095,3.0030583585,2.0556441534,2.0366946992,2.0221140211,4.0209993193,2.0615935557,4.0317503805,2.0630406403,3.0319789359,2.058946044
1.0512383034,1.0012397727,1.0258545151,1.0675834794,4.0992351786,3.0035950683,1.0663883354,2.0196020642,1.0049152714,1.0706846419,3.0645414515,1.0581611577,4.0015813263,3.0800054931,1.0199285014,1.0644467874,2.0279773524,2.0957310242,1.037213712,1.0879213294,1.0402504058,1.0871492465
4.0963817419,2.0524478989,4.0412433589,4.0798695865,3.0785366469,3.0574210488,5.098901164,4.0251687097,5.0725202372,5.0140681514,4.0002981958,4.0832756332,2.0032198644,4.0647490468,3.0679470029,2.0488402125,4.0871435662,2.0275272933,4.0988618467,4.0981085328,5.0675998884,4.0387082897
4.0156125639,1.0835192834,2.058282052,3.0481646904,2.0100388473,4.044239965,3.0071288359,1.0425739765,3.0084541429,4.0949168437,4.0928179089,2.0565154397,1.0806081855,1.0530471053,1.0202393825,1.0147993864,5.0672970165,2.0443472795,2.0388777662,3.0732047627,3.0796418183,5.0095316951
3.0708448448,3.0271457137,3.0693029196,3.0307844837,3.0316242928,3.0437986001,3.0093286546,3.0170423582,3.033716388,3.0368977409,3.06407462,3.0609263295,3.027761691,3.0780316666,3.0228150655,3.0046168283,3.0377282557,3.0666873359,3.0534252795,3.0714240862,3.019044745,3.0631494995
3.0819554451,4.0750514849,3.0991419016,2.0770439511,2.0007156928,4.0925826726,2.0993759303,5.0924865747,2.0487662667,2.0222758516,4.0713879918,2.0611826238,3.0834113109,2.0895786991,1.0115923296,2.0181673393,2.0803344185,2.033805654,2.0373629153,2.0637941729,2.030279235,2.0086548484
3.008774643,2.0549369929,3.0257587304,4.0129659122,5.0290549039,4.0957227928,4.0246350589,2.0055772282,1.0597960705,4.0878710152,3.0386292744,3.0723417365,4.0993733282,3.0184586854,3.0085027479,2.0228598246,3.028290424,2.0546393663,3.0508935787,4.0038085045,3.0057036522,3.0810019488
4.0988539071,2.0717863652,3.0829793864,4.06322633,2.0171131208,4.0826146436,4.0247563404,1.0852214894,4.0302107333,4.076813557,5.0477720176,3.0537185915,2.0731590193,4.0053369088,3.0460018599,2.0155169345,4.0911482883,3.0449062267,2.0637779461,3.0677032199,4.0515326858,4.0687404313
4.0445143035,2.055005007,3.0330658627,4.0267413071,2.0661036654,4.0677730682,4.0167794577,1.0890764178,4.0312026494,4.0021348058,5.0672857015,3.0397395353,1.0586186073,5.0299070746,4.0097570813,1.0651237401,4.033694708,4.0114309621,2.0647472009,3.0309907164,4.0427530902,4.0765723441
1.0550096959,2.0588478447,3.0560294166,1.0835436798,4.0656040616,4.0714588856,2.0104212226,1.055245039,4.0236221986,4.0566011162,3.0540219257,2.0902870358,4.0377508894,3.0393970791,3.04827403,1.0977429206,2.0058939246,4.0378337658,1.021650502,1.0838147698,2.0027258801,3.0227126946
3.0659579531,2.0755322508,2.0112946635,2.0527103441,5.0285656505,3.0856827291,2.0041655698,2.0703107162,2.0462519744,2.088590282,4.0681736533,3.0358874224,5.0984505994,2.0836294711,2.0879985214,3.0222834287,2.0619072236,2.0852699084,1.0162597783,3.0464431284,2.0048485546,4.0499137206
3.0562309555,4.0343513999,2.0479666231,2.0491530174,4.0161506625,3.0592899158,4.0769957119,4.0272526143,3.0335339624,3.0527181988,4.0765663281,4.0268129657,5.0967389849,5.072241008,2.0713842047,1.0034838588,4.0626229619,2.0905044506,1.0044603612,2.0880736564,2.0634161056,2.056862313
3.0094297246,2.029475318,3.0905539271,3.0581263807,1.0543715358,4.0985898789,4.032017106,2.0092630105,4.0275358297,4.0615053165,4.0301079485,4.0211346454,1.0392217372,3.0632726364,3.0885184572,2.0237122559,3.0831244747,1.0611226501,1.0335131433,3.0945381361,3.0632588885,3.0877693674
1.0639682129,2.0077569646,5.0748731511,2.0416871601,2.0816370943,4.0832360066,5.0536030723,4.0887463494,5.0732267057,5.0755426638,4.0892398324,3.0050400509,5.000145488,5.0505370724,3.0224179988,1.0537515798,5.0297221096,2.0516376765,1.0411043856,5.0742465996,2.0654848206,4.0126445506
2.0287107015,2.0354200742,2.0375398321,3.0871963795,4.0531486891,3.0442770568,5.0617208705,2.0453828937,2.0028089299,2.0337270742,5.0976898285,3.0439685877,4.0628439762,4.0505817407,2.0601121702,2.0958441434,4.0356210588,2.0490215146,4.0293898223,3.070681994,3.0175607992,5.0532549164
4.0977013689,5.0391660789,2.000996207,3.0351324579,5.0539595025,1.0150204662,4.0849697272,2.0084464291,3.0474617599,2.018635062,2.0637863478,1.0254348304,5.0430985277,2.0638738076,1.097753797,1.0487632607,5.068502001,1.0110212368,5.0982543239,3.0150028236,3.0681777942,2.0173967656
2.0752430117,2.0261130167,1.0520661489,2.0499540621,3.0827039141,1.0345997511,2.0569950333,2.0956163843,2.0874151531,2.0146526659,2.0453376409,1.0677801786,4.0219464303,3.0767261735,2.0790881848,1.0746968095,5.0428220968,3.0886825879,5.0318777877,3.0536858921,2.0917967139,3.0865553483
3.0142394413,3.0942057251,2.0070545172,1.088163406,1.0869831725,4.0273548727,4.0911735516,1.0413759948,3.0532987528,2.0885163064,4.0322949641,1.0302010942,1.0067036793,5.0444687313,1.0323943227,3.0948641122,3.0140518526,1.0142819833,1.0415840302,5.0702200633,3.0114062685,4.0232677394
1.0250628555,1.0160654923,1.0248593738,1.0905857276,1.0782288511,1.0493427685,2.0529302222,1.0620185525,1.0370752454,1.022476172,1.0237248394,1.0239388617,4.0235289642,1.0526537779,1.0029547353,1.0557049041,1.0642645589,1.0754529315,1.0726226793,1.0540538693,1.0719833191,2.0954133993
2.0489962009,2.0735986228,1.0437884553,2.0604899014,3.0812804806,2.0434797617,2.0560381114,4.0268710768,2.0209810555,2.0258684467,2.0766121621,2.0049953505,4.0243315468,2.0896337614,2.0878439725,2.0604548447,4.0025540447,2.0029756218,2.0581464373,2.096351288,2.0581696764,2.0824764168
4.0122355666,4.0666716478,2.0194266861,5.0436408347,3.0678770556,3.0194179813,4.0351067615,3.0369961975,2.0716625248,3.0491257788,2.0759874587,2.0098650547,2.0695449466,2.0087772587,1.0579456016,2.0010117704,4.0415155272,2.0665490315,3.0605464482,2.0681034395,4.0711635047,4.0582161853
1.0987851996,4.0303731418,1.0135410238,4.0061738674,2.0746711942,3.014384636,4.0606790384,3.0068940324,3.0647572372,2.0291562739,3.0435980178,2.0325925937,3.0713884478,1.0014984136,1.097054197,1.0273123872,5.0052916675,3.0349492935,2.0393467169,2.0670889487,4.0554779957,4.0042779642
2.0849391683,1.0909360061,2.0952892704,1.098724186,4.049556409,5.0850224953,3.0526375521,2.098176786,1.0319647665,2.0150005373,3.0932095985,2.0990370858,1.0820329968,3.0033179574,4.0536437083,2.0592732427,4.0008349217,3.0640212664,1.0766897411,1.0363449907,1.0206169296,2.0807800604
1.0091514377,2.0018598317,1.0803742235,3.0246610948,4.021321325,2.0511999627,4.0128297227,3.0153457162,1.0803772275,2.0024912296,2.0520497937,1.0993348511,4.079035631,2.0025669723,1.0776656065,2.0647217208,4.0666394837,2.0987330322,2.028121204,1.0029110846,2.0350640528,5.0435495161
2.0460198049,1.0856879708,1.0736336664,1.0574105491,4.0831594981,2.0627948484,2.089118654,3.0685193561,2.0306635634,2.0756412181,3.0206683336,2.0566886177,5.0351799692,3.0716214456,3.0169194727,2.0727268205,2.0726148926,2.0806831607,3.0726121349,2.0281062272,1.0024387532,2.0217035569
5.0841599244,2.0939859487,3.0062704928,4.0056893471,2.0023772428,4.0571181364,5.0862167034,4.0586543867,3.0395017116,5.011670463,5.0466104736,4.0139205182,2.0909802892,5.0927938071,3.0697459252,4.0335948486,4.0498883552,3.0317080764,1.0539643186,4.0118577388,4.0647609524,4.0980770214
3.0907478009,5.0089403881,3.0438402491,3.0560803117,2.0221002712,2.0280131372,4.0282755235,2.0384451108,4.0120383659,4.0451681703,4.0201832498,3.0979687373,3.0319478878,2.0702298736,3.0314492791,1.0003637277,5.029079874,1.011932721,4.0395615171,2.0852335937,4.0707300158,4.0496643242
2.069875668,1.0262092885,1.0196954896,3.0166898481,4.0060365917,2.0503100851,3.0087757769,1.0367803797,1.0239685057,1.0210124806,4.0387182459,2.0561092318,1.0342339754,1.0571134095,1.0019211016,1.0784274061,4.0856750946,1.0033571993,3.0477541388,1.0768172648,2.0849840421,3.0734522178
2.0402485949,4.0371746561,3.0852586895,2.0617044779,2.0561411781,3.0325871391,4.0374529192,4.0730051014,2.0718402664,2.0214994394,3.0480464898,3.0622621842,3.0929175823,4.0920799678,5.0746050862,4.0933121467,5.0068810659,2.0289531834,4.0739872077,2.0137736752,2.095071833,4.0600225235
1.0614414898,1.0680277189,1.0915368825,1.0558935925,4.0088752558,5.0797202518,5.0437445454,2.0252720005,1.0448956081,4.040524362,4.024008607,4.0920562139,1.065935045,5.0191702008,3.0158009616,3.0346599416,2.0307558035,3.0484523733,1.029370198,4.0461131443,2.0646424347,3.0505391404
1.032774364,1.0643367733,1.0893294267,1.0357048525,1.0448078653,1.0589186563,1.0280160387,1.0447534475,1.0323401304,1.0169364508,1.0314464375,1.0649596409,1.0692332875,1.0014677153,1.006717242,1.016392529,1.0184943928,1.0094352299,1.002792291,1.0163955846,1.0691264368,1.0883985479
4.0181391333,3.0898357887,3.029049315,5.0745797035,4.0220338735,2.0942908076,3.0397464243,3.0826724908,3.0724804036,3.0188317569,3.0481278264,3.0292005021,5.090608033,4.014513487,2.0969581435,2.0883751282,5.0875154489,2.0244334192,3.0790923721,3.0230488537,4.0134858881,4.0693680489
1.0787765604,1.0291112809,1.0429970061,1.0748912779,3.0392744169,1.0481541615,4.0632701981,1.0137495119,1.0117369589,1.0871687082,3.0640362934,2.0507242735,4.0013118714,2.0035552966,1.071768652,1.0077156701,1.0666258519,4.0697595919,1.0617676447,3.080870232,1.0878333526,4.0511035934
2.0884078057,2.0876052245,1.0933179514,1.0957933722,2.0389709416,2.0084481724,3.0285154215,4.0267641156,1.0307192105,3.0935646528,2.0962055645,2.0077159607,2.059730076,3.0885586992,2.0209192862,4.0586068955,3.0811722017,1.0199979992,3.0300609086,2.0700381746,2.0374630711,3.0436330031
2.0084655866,1.0770934453,2.0999858013,2.0340679521,4.0602779904,5.0976540329,5.0432597893,4.0151985256,3.0289625691,2.0094139517,3.0055104585,2.0735442441,1.0040016865,5.071011243,3.0881178763,4.0954105568,5.02017112,2.0028276411,3.0003222454,2.0871789299,2.0814084667,2.0439231124
2.0052992473,2.0851484264,2.0860419465,2.096413402,2.0372173858,3.0365308037,3.0953055904,1.0595773466,1.0376677301,3.0208043913,3.0361521405,3.0193570109,2.0878717451,3.0719736351,2.0058739957,1.0131625931,3.083775325,3.0817055616,1.0995028454,3.0336291313,1.0654299737,2.0063791652
2.0716620638,1.0391307532,1.0223967144,2.0010668566,2.0561596768,5.0433753722,4.0048864804,3.0729577284,1.0970041195,5.0819904303,5.0731877871,4.0674719719,2.0033829839,1.072567427,3.0556706684,1.0444629292,4.0768762087,2.0308265142,1.0639984935,1.0617292373,1.0931328949,2.0783017142
2.0227085416,3.0959469584,1.0348651572,3.0310807899,4.0681503582,2.0148742617,1.0755214036,3.0211986492,2.0242249637,2.0077055638,2.0257750415,2.0135178909,3.0553695056,2.0015389638,2.0676918386,2.0036099667,3.0092443763,2.074857692,2.0899637669,2.0650534782,2.051495638,2.0262063285
2.057580353,1.0576590349,2.0038956484,3.0999604634,5.0305199472,3.0761570057,5.0223768843,3.0121208882,3.0218939068,3.0675526982,3.0700882182,3.0306851437,3.0544259045,3.0998305827,1.0827592302,1.034288472,5.010742119,3.0428700398,3.0131321192,3.0933226267,2.0177560044,3.070878922
4.0857314494,5.0091262509,1.0433128661,5.0090117686,3.0126117692,2.0778881838,5.0999010702,3.0080171572,2.0183323599,1.0641923987,2.062391775,2.0354092421,4.0304691711,5.0996241923,2.0506256751,1.0220607237,5.0000961761,1.0296749741,3.0837057099,1.0851082223,4.0781262943,2.0915705506
1.0875485719,1.0800622583,2.0228355153,1.0198868627,3.0863394311,3.0994696714,3.0495220462,1.0651992307,1.0777700901,2.094560774,3.0932366173,2.0445678872,3.0397552853,2.087174568,1.0455137859,1.0843227314,1.0563312895,2.0136944567,1.0697296314,3.0877108266,1.0865846809,1.0411255351
1.0159137506,3.007294908,1.0229311149,4.0947426707,3.0819039955,4.0136016815,4.0629447202,4.0293938024,1.0875721862,1.0656090754,2.0607182609,2.0980941217,4.0128308506,4.092960207,2.0805125705,2.0667691634,4.068884021,1.0142303419,4.0766451764,1.0793551737,3.078899431,4.0166441282
4.0672364599,1.0136212642,2.0244345051,2.0773108589,4.0288035874,4.0699521984,4.0202179231,2.0053930402,2.0667506131,4.0904148768,5.0276266726,4.0280163852,5.0346212548,4.0793090984,1.036621519,1.0438221765,5.0994257731,2.0782840094,2.045148396,3.0545806426,2.0430139744,1.076946147
1.0227408541,1.0761236422,1.0216533541,3.0428300882,5.0449734671,1.0006542665,1.0542485004,4.0546474897,1.0964142393,2.0508666979,4.0232866797,4.0056236789,5.0741979472,3.0209453144,2.0742333323,2.0873946824,2.0001866159,3.0810014864,2.069579531,2.0033415704,2.0259867792,2.0811469814
2.0183408549,1.0373977636,1.0082015754,2.0817314851,4.06249366,2.0054874137,2.0600855501,2.0837448873,1.0319738727,1.0949685043,3.0279335848,2.0501769196,4.0628354429,1.064409334,2.0663987232,1.0672859202,4.0423054345,1.0968174681,1.0012817013,1.0698351487,1.0034227192,3.0312112438
5.0770648447,1.0383461187,3.0492632011,2.0542636909,2.0636569167,2.059466974,4.0989077274,2.0892824116,3.0182732302,3.0812477601,5.0517507155,4.0689985419,1.0632265645,5.0504416023,3.0693513282,3.0512176066,4.0844473047,3.0048739672,3.0800680275,3.0985431804,4.0082359137,3.0289483252
4.0761302794,4.0797939699,2.0551124018,4.0024629167,3.0080124234,4.0486837202,4.0040474518,3.0791125212,4.0969475978,3.0785881923,3.0680990269,2.0054284831,1.0104413812,4.0304717724,2.0932380693,2.0492632285,4.0369473938,3.0085799013,2.0279456081,2.0089338155,4.0887867804,4.0219859079
2.0985524623,1.0717030525,4.0102971825,1.086963281,1.0337570233,4.0339362992,3.0263236769,2.0880234498,2.0174357608,4.0509433168,4.0681134014,3.0724798281,1.0001520521,5.0699922062,3.0237279773,1.0134544453,1.0346102735,1.0032186178,1.0330179804,5.0838839576,1.0486363078,4.0213085986
2.0502323279,3.0286102035,1.0902089153,4.0148123709,2.0124497137,2.0354998122,3.0649928179,2.0098847734,2.0934104213,2.0079386947,2.0168666694,1.059515095,2.062532432,1.0520661241,1.0870629698,1.0916476031,3.0047686709,1.0990313761,2.0181716346,2.037066899,4.0883410563,2.0387928648
1.0527848395,1.0974111667,1.0455388024,2.0135328269,5.0266438825,1.0221611412,1.0685174876,1.0979305055,1.0206261699,1.0987035546,1.038088021,1.0350162441,5.0933725052,1.044799203,1.0143878485,1.0890073539,3.0531819987,1.0489684778,1.0782843068,1.0500390111,1.0789017482,5.0275874855
1.067997983,1.0438062265,1.0221909963,2.0671091407,5.0535071006,1.0857469879,1.0644342352,1.0285341354,1.0198320601,1.0702052401,1.0880143503,1.07764039,3.0631664601,1.0996988493,1.0847737686,1.0013910861,3.0339260057,2.0353962619,2.0443927833,2.0223497549,1.0932879665,2.0514442806
2.018301173,2.0887240695,2.0455832157,1.0077608451,2.0517267786,2.0118842832,2.0148187717,3.0584753827,2.0346484038,2.06647839,3.0491528103,2.0127470065,2.009133734,2.0623738442,2.0381819619,2.0129549867,4.0727546531,2.0618451142,2.0708610436,2.0005012458,2.0744374365,2.0035344187
1.0695894444,2.0803661772,4.0258149299,3.0411014514,2.0574380521,3.0456090825,2.064143064,3.0189192437,2.0488979667,3.0800572692,2.053186859,3.0002448248,2.0784437046,3.0428001949,2.092949419,3.0314361444,2.0343791164,3.0063908286,2.0937939523,3.0177599985,2.0556155028,3.0100065565
1.0160734153,1.0592183583,1.0721885439,1.0588329398,3.0736138848,2.0943785396,4.0091148062,2.0071135784,1.029990463,1.0755481909,2.0683894837,1.0696680953,3.0238010397,2.0008997056,1.0400669088,1.0256715683,3.0959223471,3.0428710626,1.0082326161,2.0640281725,2.0518992079,3.0999245137
4.0926148261,2.0031524905,2.0944628665,3.0384891846,1.045704294,3.0084123618,5.0587839785,3.0352409577,4.0374380673,4.0530200818,5.0757677072,4.0313125996,1.038792847,5.001169513,2.0781355752,2.0053087648,3.0826394572,3.0584039334,3.0320533833,3.0292172631,4.0318940861,3.074669735
4.0021163563,4.0902940945,4.0480819681,3.0643776779,2.065452341,3.0602969748,5.0133753305,5.0693273949,5.0748059406,4.0900544147,4.0842272997,4.0600462214,5.0869598274,4.0309822238,3.0821026485,3.0605215875,3.0257298587,4.0495386225,3.0784658935,4.0869558023,4.0884656806,5.0566821323
1.0664671671,2.0609093352,1.0191329451,2.0408319157,4.0612925473,1.0399102262,1.062864464,3.0628763427,1.0323952356,1.0947614242,1.0210557911,1.0772315368,3.0652962905,2.0313103506,1.0537088776,1.0404742525,5.0833984873,3.0216446523,4.0711242921,1.037687162,2.0158413337,3.0236184503
3.0216923584,3.0889286883,2.0585815457,2.0335958468,1.0910315868,2.0785786119,3.0074671273,3.0846824988,1.0239222788,3.0744939697,3.0460770061,2.0132177977,3.0172123967,3.0138110292,3.0439052015,1.0691914058,3.0380552321,1.0810625739,3.0381532024,3.0960431942,2.0694169679,1.0406335921
2.0390181242,5.0192970467,1.074154171,2.0254982599,4.075247183,1.0352980756,3.0931036355,4.0985670627,1.0647876336,2.0815468082,1.0061374192,1.0407825857,5.004074839,2.0294439884,1.040440028,1.0342624105,4.0522850194,1.0352725242,4.0711336538,1.0023688813,3.0774238142,4.0673048366
3.0609593273,1.0553767611,5.0796629356,3.0491120693,1.0152004043,5.0001352996,4.060331519,1.0485657142,3.0592886553,2.073636776,5.0673432876,5.0156904018,1.0874761057,4.0449136566,5.031158359,4.0386488403,1.0357849248,1.0727040476,1.0498242796,3.0405889778,3.0238369229,4.0420264275
3.0658476615,4.0241070914,2.096384517,2.0781541359,4.0928689688,2.0077631945,5.0909627769,4.0709229741,4.0889891482,2.0753739373,3.091483624,2.0704724282,4.0855153078,2.0359594033,2.034059949,3.0029550481,5.0516446159,2.0379133378,4.0560078846,3.0423721109,4.0792925229,5.011032358
2.0448724146,2.08130231,2.0646253969,2.0339210327,4.0032741092,2.089017595,2.0608233506,2.0032148589,2.058129643,2.0078937897,2.0784303998,2.0052550654,4.011067271,2.0672910099,2.0487609071,2.0952205342,4.0214362093,2.0690033378,1.0824253727,2.0341413108,2.0743054717,3.0925302129
4.0373491368,4.0642764399,1.0180328693,2.0132489116,4.0557364679,2.0252080817,3.014790761,2.0714741671,2.0982192775,2.0044932263,2.0391134533,2.0397797541,4.0177756922,3.0991562635,1.0802992949,1.0906357676,4.0171789409,3.0442114121,3.0178996835,2.0507488971,2.0899929157,2.0075335893
2.0846037732,3.0870108913,3.0106310059,1.0992914811,4.0997212382,5.0015421021,3.0547352463,2.0708504664,2.0270836839,2.0107458985,3.0471395158,3.0450559635,2.013882586,5.0569243048,3.0163285829,5.0573770189,2.0768090907,4.0353179496,1.093043102,5.0690955827,2.0915031383,2.0396083299
3.0103943647,1.0516375004,1.0169943956,2.0866229525,4.0097391529,3.0421814408,3.0015605165,2.0607898532,1.0310643555,4.0713149283,5.076141979,3.0742713837,2.0860893484,5.0483435933,1.0228396761,2.0314628127,5.023344819,1.0781404438,2.0368225296,3.0114444654,2.0710575785,2.0763263965
3.0983253143,2.0166476317,1.0962176899,1.0215652784,4.0185735649,1.0204046723,2.0359011265,2.0795317121,1.0044607382,2.0636857617,3.0504146942,2.0969118475,1.0624450628,1.0525853213,1.0177871312,1.0353389418,2.0652420398,1.0567661495,1.0060328941,2.0155597075,1.070051709,1.0113511874
5.0622895795,5.0328332294,1.0574813809,5.0961987017,5.0545317647,2.0726821292,5.0483989318,5.0390642911,3.0132676395,2.0756230075,3.0648091462,2.0356794318,5.019059945,4.0343471757,2.038990611,1.0344679269,5.0171221947,2.0608517505,5.0031420829,2.015441617,4.0408613111,4.0318780836
3.0530373498,3.0359039271,1.0629733782,1.0483521442,3.005946293,2.0491827781,4.0199230255,4.0694520904,3.0533703519,4.0325939087,2.0348769149,2.0708627646,4.0278577003,4.0560162507,1.0937214022,1.0975670712,3.0900454985,1.0065953109,3.0764905219,2.0129661515,5.054710033,3.0383477023
4.0129229486,3.0886799439,2.0437689588,2.0422747326,2.0793797975,3.0560879805,2.0647211691,2.0643649405,2.061593925,4.0842207152,5.0973385797,5.0560039168,2.0893999942,4.0346198943,2.0867243235,3.0904306016,3.0861993663,1.049676693,1.0049008848,2.0193543747,1.0146084502,2.058523578
1.090910911,3.0333579712,1.056670861,1.0676043851,1.0274021137,1.0788380345,4.0596269121,2.0395891126,1.089310012,1.0476011976,1.0895085433,1.0395315593,3.0859786926,1.0907173305,2.0364997653,1.0487538249,5.0379359155,2.0450184755,1.0169592866,1.0690708491,2.0572553329,3.059530163
4.0701683268,2.081150584,4.0402147297,2.0650328819,2.0433495464,4.0668160758,4.0879055907,3.0205131598,4.0281008504,3.0803507119,5.069254458,4.0547600687,2.0727517478,5.0911328561,4.0097773805,4.0083662448,2.0007632743,2.0396439577,1.0499036011,4.015103804,3.0594949858,4.0705646287
4.0709354894,3.0117515984,3.0030632553,3.0466665376,1.0933682717,3.0547744832,5.0819669054,4.0179259538,3.023711003,5.0211493602,4.0721557542,4.0321969917,2.058940422,3.0565486783,2.0400126865,3.0657468543,4.0569408459,2.0648371197,2.0272397527,2.0136077477,4.0745334194,3.0058453707
1.0445170406,1.0730211886,1.009771333,2.0836616039,4.0036549901,3.0923686907,4.0806469576,2.0951600403,1.0325951117,2.0881175998,1.0057449149,1.0463021206,2.0580042587,1.0246467056,1.0806971016,1.0275118147,3.0941715989,5.074302256,1.0603491289,1.0420229466,1.0728967524,4.0160092759
3.0735348311,2.0461758541,1.0358157049,1.0174828501,4.0779799408,3.0716800792,3.0523766573,4.0007961025,1.0071503897,2.0408683663,4.0285488001,3.0283546799,2.0300659118,3.048041065,2.0037017033,1.0141064478,2.0341085089,1.0355906273,1.0986601189,3.0721570724,1.0819756211,2.0020663039
1.0819965723,1.0403444757,1.0267335667,1.0545908855,1.032285143,5.047683975,4.0795141822,1.0637162567,3.0903767546,3.0847632587,4.0823127243,5.0514355311,1.007745398,4.074964763,5.0018051887,1.0971667062,3.0464577116,4.0826785862,1.032554022,4.0303697423,1.0234686875,2.0635886108
2.0555960625,2.0238794383,1.0906363329,1.0219219555,5.0841429233,2.0301311035,2.0576771346,4.0924678065,1.0936064927,1.0424299462,3.0416328164,1.0646010581,4.0119190739,1.0263814463,1.080792718,1.0931699746,3.032958282,1.0388165606,1.0557830632,1.0861047503,1.0762104884,1.0170482651
5.0633549774,3.0485740107,1.0289211517,2.0002056571,3.0389990383,4.0220312035,4.0126965957,2.0499364854,3.092551516,4.0070078966,4.0146366773,3.0002171712,5.0247083228,3.0698179198,1.0685049304,1.0131198214,3.0361968769,1.0537772912,2.0086992965,1.0379748126,4.0045062416,3.025190541
5.0220707898,4.0466800357,4.0837550445,4.0468883389,4.0431394777,3.0267597322,4.0337537568,2.0840956151,3.0870632503,5.0962039785,3.0927167682,4.0927610165,5.0451479544,4.0607335126,4.0251788287,2.0614697825,4.0690361451,1.0444385301,1.049834374,3.0429058255,4.0490352137,4.0629833406
2.069677499,2.0704606585,2.0324872706,2.0956899769,2.048452925,4.0141856875,4.0067606745,3.0297607986,2.0168719297,2.002394365,3.072027777,2.0007229479,3.0148829461,3.0623859005,2.0370673341,2.0067907989,4.0785276685,3.0280913492,2.064577958,2.0449155703,2.087078118,3.070667142
3.0654059256,4.0847152164,1.0908067789,4.0668236918,2.0151458886,4.0227249312,3.0119078056,3.0018491453,2.0119045741,2.0095634858,2.0943628662,2.0623298322,3.0291008285,2.0702450763,2.0908492484,2.0694269613,5.0619269539,3.0988063566,4.0857832405,3.0058878082,3.083921086,3.0400143448
2.0310499995,1.0166767178,1.0712239905,1.0783680108,4.0683600497,2.088763965,1.0108874719,1.0815278491,1.0884706032,1.0483209277,2.0841382638,2.0572282674,2.0584489211,3.0358072247,2.0000291706,1.054567376,1.0949763686,2.0775767573,1.0336567129,1.0779422182,1.083581255,2.022457965
3.0858672507,4.0281217471,4.007183038,2.0073165807,3.0690261717,3.0918896422,4.032012844,3.0257871526,2.0060611544,4.0472262346,5.0924432927,4.0157181993,3.0485380183,5.0921918043,4.0089657151,2.0742761059,3.0477798767,2.0688550876,3.0151456254,3.0633316335,3.0517568316,3.0780465123
4.0363745861,2.0763017625,3.0399491355,3.0218851936,2.0097819658,4.0091788875,5.0837330839,4.0891052278,3.0891879347,4.0632497934,4.0093710572,3.0297237961,3.0099815232,4.0254775572,3.0671246595,2.0697812247,4.0132206248,2.0668628155,4.0789266667,4.0576660169,3.0083001691,4.0615209767
3.0070674733,3.0817799913,2.0325601276,2.0173128796,3.0261608226,4.0014817368,4.010744029,4.0191098402,2.0182389776,3.0493519584,3.0074655195,2.0106391412,4.0069963887,3.0463872469,2.0255850051,2.029109888,4.0228172892,2.0267967587,3.0901623955,3.0023239548,3.0097907288,3.0106269707
1.0824556488,1.0402420228,3.0488043013,2.0767900353,3.02886891,5.0205950751,4.0896037475,1.053238627,2.0897293722,3.0619194367,3.071949827,3.034355033,3.0335803663,2.0894715036,2.0856445362,2.0924271641,3.054057125,3.0811552446,2.0869452635,5.0497684476,3.0192896129,3.0838801736
3.04274404,3.0601868562,3.0660679328,2.0014029597,4.0742207682,3.0520874439,3.0605611812,2.0479915794,2.0724712086,3.0396822125,3.0967162476,3.089646268,3.0151204968,2.0984462753,2.0992257805,2.0353671693,3.0029645701,2.0991066539,2.0083116444,3.0000738391,3.0909169759,3.013618656
2.058606288,2.038548526,2.0659601932,2.0126427185,4.0507798188,2.0163552315,3.0164813965,4.023826927,2.0010894145,2.0615629492,2.0822792741,2.0632791563,4.0885732995,3.0592597383,2.0552451689,2.0649793504,4.0225177395,3.0965353975,3.0954227585,2.0977879647,2.0683786733,3.0080899843
3.0569594471,5.081153388,3.0364174482,4.0502334768,2.0516031868,3.0740410645,4.0620677238,4.0698006878,3.0925216998,4.0095749647,4.029677881,3.0926488365,4.0404988416,4.0342986713,3.0300585885,4.0666138374,4.0480743426,2.0009099456,3.0537550268,3.0350916328,4.0645574895,3.0843598462
4.040072207,4.0693864256,3.0594317629,3.0683408417,1.0216237823,3.0674282992,2.0788078805,3.0874061538,2.0466264811,1.0824772093,4.056832138,3.0999807394,2.0975278964,4.041959295,1.0768308002,1.0234314906,3.098159903,1.0529700827,1.0278227262,1.0596230782,2.0983371976,1.0402253648
4.0263581137,2.067147833,5.0164119442,3.03208439,2.0990249678,4.038896414,5.0834469134,3.0487249522,4.0417430826,5.037988754,4.0532644086,4.0203159682,3.029154959,5.0380555547,5.0260215262,5.0676173098,4.011283578,2.075848348,2.0404399282,4.0196043035,3.0565057199,5.043702268
3.0184732169,1.0515586556,2.0955924591,2.0491767718,5.0509078753,3.0956123783,2.0300206641,1.0329217108,2.058918427,2.0983933644,2.0564412333,2.0482557439,2.0526493571,1.0621490506,1.0017731509,1.0143621743,2.0080547537,4.0162313268,1.0333637726,1.0063863838,1.0110557687,1.0928241103
4.055268206,1.0144298643,3.0207451075,4.0592680425,4.073265829,3.040224257,5.0685490764,2.0499368739,5.0850828522,2.0370674232,3.0183243372,3.0863024879,4.067420687,4.0830531975,1.0776886153,1.0225415692,5.0396381359,3.0051498433,5.0140165487,4.088084159,5.0617547776,3.0003180794
3.0093964698,5.0512882157,1.0770750614,4.097733291,3.0509165093,2.0556425294,5.0023977912,2.0640223145,2.0077699268,2.0172626773,3.0573434852,4.0455859867,4.0303166719,1.0633912645,1.0252625732,1.0776058267,5.0243977462,1.0428763052,3.0294155773,1.0201192122,5.0297707443,3.0449863606
2.0757995649,2.0052704949,2.0104630755,2.0941588596,2.059121387,2.0503892772,3.0317151651,2.0783992835,2.0494300109,2.0067374913,2.0168138581,2.0700049137,4.0354525181,3.0922589739,2.067112873,2.0231615921,2.001822219,2.091276888,2.0687348727,2.0529668185,3.0007791523,2.0865670002
